id;phone;date_of_birth;street_address;city;state_province;postal_code
1;(659) 764-9387;2022-09-17;calculating;New Stonebury;Legacy;benchmark indigo revolutionary
2;784-752-0724;2022-09-16;Account Dollar;Port Ibrahimmouth;Administrator partnerships intranet;Borders Soap
3;781.740.3121;2022-09-16;Agent Market;Rodriguezton;bleeding-edge Licensed orchid;Israel e-commerce Soap
4;(931) 536-7084 x28729;2022-09-17;indexing Frozen teal;Burlington;Upgradable card Summit;International
5;(457) 215-6616 x1003;2022-09-16;Computer;Marvinstad;Automotive alliance;circuit
6;439-831-7434 x67824;2022-09-16;Associate analyzing;Denesikhaven;technologies SCSI AI;program Visionary withdrawal
7;798.576.9289 x320;2022-09-17;teal;New Henry;Representative connect;green Ergonomic
8;(930) 996-7286 x159;2022-09-16;Lead Agent Stravenue;Elmoside;definition;data-warehouse
9;1-834-669-2516;2022-09-17;implement Identity Gloves;South Orinshire;one-to-one Licensed;Trace Shoes
10;392.873.6917 x685;2022-09-17;Agent Metal;Wolffmouth;Soap;auxiliary
